<?xml version="1.0"?>
<!DOCTYPE hibernate-mapping PUBLIC "-//tp2Hibernate.Tp2Hibernate/tp2Hibernate.Tp2Hibernate Mapping DTD 3.0//EN"
"http://www.hibernate.org/dtd/hibernate-mapping-3.0.dtd">
<!-- Generated Apr 8, 2018 2:33:09 AM by tp2Hibernate.HibernateUtil Tools 4.3.1 -->
<hibernate-mapping>
    <class name="tp2Hibernate.entite.Categories" table="CATEGORIES" schema="JU" optimistic-lock="version">
        <id name="idcategorie" type="big_decimal">
            <column name="IDCATEGORIE" precision="22" scale="0" />
            <generator class="assigned" />
        </id>
        <property name="nom" type="string">
            <column name="NOM" length="20" not-null="true" />
        </property>
        <property name="description" type="string">
            <column name="DESCRIPTION" length="20" />
        </property>
        <set name="medicaments" table="MEDICAMENT" inverse="true" lazy="true" fetch="select">
            <key>
                <column name="CATEGORIE" precision="22" scale="0" />
            </key>
            <one-to-many class="tp2Hibernate.entite.Medicament" />
        </set>
    </class>
</hibernate-mapping>
