<?xml version="1.0"?>
<!DOCTYPE hibernate-mapping PUBLIC "-//tp2Hibernate.Tp2Hibernate/tp2Hibernate.Tp2Hibernate Mapping DTD 3.0//EN"
"http://www.hibernate.org/dtd/hibernate-mapping-3.0.dtd">
<!-- Generated Apr 8, 2018 2:33:09 AM by tp2Hibernate.HibernateUtil Tools 4.3.1 -->
<hibernate-mapping>
    <class name="tp2Hibernate.entite.Chirurgie" table="CHIRURGIE" schema="JU" optimistic-lock="version">
        <id name="idchir" type="big_decimal">
            <column name="IDCHIR" precision="22" scale="0" />
            <generator class="assigned" />
        </id>
        <many-to-one name="salle" class="tp2Hibernate.entite.Salle" fetch="select">
            <column name="IDSALLE" precision="22" scale="0" />
        </many-to-one>
        <many-to-one name="typechirurgie" class="tp2Hibernate.entite.Typechirurgie" fetch="select">
            <column name="IDTYPE" precision="22" scale="0" />
        </many-to-one>
        <property name="datechirurgie" type="date">
            <column name="DATECHIRURGIE" length="7" />
        </property>
        <property name="heuredebut" type="big_decimal">
            <column name="HEUREDEBUT" precision="22" scale="0" />
        </property>
        <property name="heurefin" type="big_decimal">
            <column name="HEUREFIN" precision="22" scale="0" />
        </property>
        <set name="ordonnancechirurgies" table="ORDONNANCECHIRURGIE" inverse="true" lazy="true" fetch="select">
            <key>
                <column name="IDCHIR" precision="22" scale="0" not-null="true" />
            </key>
            <one-to-many class="tp2Hibernate.entite.Ordonnancechirurgie" />
        </set>
    </class>
</hibernate-mapping>
