<?xml version="1.0"?>
<!DOCTYPE hibernate-mapping PUBLIC "-//tp2Hibernate.Tp2Hibernate/tp2Hibernate.Tp2Hibernate Mapping DTD 3.0//EN"
"http://www.hibernate.org/dtd/hibernate-mapping-3.0.dtd">
<!-- Generated Apr 8, 2018 2:33:09 AM by tp2Hibernate.HibernateUtil Tools 4.3.1 -->
<hibernate-mapping>
    <class name="tp2Hibernate.entite.Consultation" table="CONSULTATION" schema="JU" optimistic-lock="version">
        <composite-id name="id" class="tp2Hibernate.entite.ConsultationId">
            <key-property name="codedocteur" type="big_decimal">
                <column name="CODEDOCTEUR" precision="22" scale="0" />
            </key-property>
            <key-property name="numdos" type="big_decimal">
                <column name="NUMDOS" precision="22" scale="0" />
            </key-property>
            <key-property name="datec" type="date">
                <column name="DATEC" length="7" />
            </key-property>
        </composite-id>
        <many-to-one name="ordonnance" class="tp2Hibernate.entite.Ordonnance" fetch="select">
            <column name="NUMORD" precision="22" scale="0" />
        </many-to-one>
        <many-to-one name="docteur" class="tp2Hibernate.entite.Docteur" update="false" insert="false" fetch="select">
            <column name="CODEDOCTEUR" precision="22" scale="0" not-null="true" />
        </many-to-one>
        <many-to-one name="dossierpatient" class="tp2Hibernate.entite.Dossierpatient" update="false" insert="false" fetch="select">
            <column name="NUMDOS" precision="22" scale="0" not-null="true" />
        </many-to-one>
        <property name="diagnostic" type="string">
            <column name="DIAGNOSTIC" length="200" not-null="true" />
        </property>
    </class>
</hibernate-mapping>
