<?xml version="1.0"?>
<!DOCTYPE hibernate-mapping PUBLIC "-//tp2Hibernate.Tp2Hibernate/tp2Hibernate.Tp2Hibernate Mapping DTD 3.0//EN"
"http://www.hibernate.org/dtd/hibernate-mapping-3.0.dtd">
<!-- Generated Apr 8, 2018 2:33:09 AM by tp2Hibernate.HibernateUtil Tools 4.3.1 -->
<hibernate-mapping>
    <class name="tp2Hibernate.entite.Docteur" table="DOCTEUR" schema="JU" optimistic-lock="version">
        <id name="matricule" type="big_decimal">
            <column name="MATRICULE" precision="22" scale="0" />
            <generator class="assigned" />
        </id>
        <many-to-one name="specialite" class="tp2Hibernate.entite.Specialite" fetch="select">
            <column name="SPECIALITE" precision="22" scale="0" />
        </many-to-one>
        <property name="nomm" type="string">
            <column name="NOMM" length="20" not-null="true" />
        </property>
        <property name="prenomm" type="string">
            <column name="PRENOMM" length="20" not-null="true" />
        </property>
        <property name="ville" type="string">
            <column name="VILLE" length="20" />
        </property>
        <property name="adresse" type="string">
            <column name="ADRESSE" length="100" />
        </property>
        <property name="niveau" type="string">
            <column name="NIVEAU" length="20" />
        </property>
        <property name="nbrpatients" type="big_decimal">
            <column name="NBRPATIENTS" precision="22" scale="0" />
        </property>
        <set name="consultations" table="CONSULTATION" inverse="true" lazy="true" fetch="select">
            <key>
                <column name="CODEDOCTEUR" precision="22" scale="0" not-null="true" />
            </key>
            <one-to-many class="tp2Hibernate.entite.Consultation" />
        </set>
        <set name="dossierpatients" table="DOSSIERPATIENT" inverse="true" lazy="true" fetch="select">
            <key>
                <column name="MATRICULE" precision="22" scale="0" />
            </key>
            <one-to-many class="tp2Hibernate.entite.Dossierpatient" />
        </set>
    </class>
</hibernate-mapping>
