<?xml version="1.0"?>
<!DOCTYPE hibernate-mapping PUBLIC "-//tp2Hibernate.Tp2Hibernate/tp2Hibernate.Tp2Hibernate Mapping DTD 3.0//EN"
"http://www.hibernate.org/dtd/hibernate-mapping-3.0.dtd">
<!-- Generated Apr 8, 2018 2:33:09 AM by tp2Hibernate.HibernateUtil Tools 4.3.1 -->
<hibernate-mapping>
    <class name="tp2Hibernate.entite.Medicament" table="MEDICAMENT" schema="JU" optimistic-lock="version">
        <id name="idmed" type="big_decimal">
            <column name="IDMED" precision="22" scale="0" />
            <generator class="assigned" />
        </id>
        <many-to-one name="categories" class="tp2Hibernate.entite.Categories" fetch="select">
            <column name="CATEGORIE" precision="22" scale="0" />
        </many-to-one>
        <property name="nommed" type="string">
            <column name="NOMMED" length="20" not-null="true" />
        </property>
        <property name="prix" type="big_decimal">
            <column name="PRIX" precision="6" />
        </property>
        <set name="ordonnancemedicamentses" table="ORDONNANCEMEDICAMENTS" inverse="true" lazy="true" fetch="select">
            <key>
                <column name="IDMED" precision="22" scale="0" not-null="true" />
            </key>
            <one-to-many class="tp2Hibernate.entite.Ordonnancemedicaments" />
        </set>
    </class>
</hibernate-mapping>
