<?xml version="1.0"?>
<!DOCTYPE hibernate-mapping PUBLIC "-//tp2Hibernate.Tp2Hibernate/tp2Hibernate.Tp2Hibernate Mapping DTD 3.0//EN"
"http://www.hibernate.org/dtd/hibernate-mapping-3.0.dtd">
<!-- Generated Apr 8, 2018 2:33:09 AM by tp2Hibernate.HibernateUtil Tools 4.3.1 -->
<hibernate-mapping>
    <class name="tp2Hibernate.entite.Ordonnancechirurgie" table="ORDONNANCECHIRURGIE" schema="JU" optimistic-lock="version">
        <composite-id name="id" class="tp2Hibernate.entite.OrdonnancechirurgieId">
            <key-property name="numord" type="big_decimal">
                <column name="NUMORD" precision="22" scale="0" />
            </key-property>
            <key-property name="idchir" type="big_decimal">
                <column name="IDCHIR" precision="22" scale="0" />
            </key-property>
        </composite-id>
        <many-to-one name="ordonnance" class="tp2Hibernate.entite.Ordonnance" update="false" insert="false" fetch="select">
            <column name="NUMORD" precision="22" scale="0" not-null="true" />
        </many-to-one>
        <many-to-one name="chirurgie" class="tp2Hibernate.entite.Chirurgie" update="false" insert="false" fetch="select">
            <column name="IDCHIR" precision="22" scale="0" not-null="true" />
        </many-to-one>
        <property name="rang" type="big_decimal">
            <column name="RANG" precision="22" scale="0" />
        </property>
    </class>
</hibernate-mapping>
