<?xml version="1.0"?>
<!DOCTYPE hibernate-mapping PUBLIC "-//tp2Hibernate.Tp2Hibernate/tp2Hibernate.Tp2Hibernate Mapping DTD 3.0//EN"
"http://www.hibernate.org/dtd/hibernate-mapping-3.0.dtd">
<!-- Generated Apr 8, 2018 2:33:09 AM by tp2Hibernate.HibernateUtil Tools 4.3.1 -->
<hibernate-mapping>
    <class name="tp2Hibernate.entite.Specialisationsalle" table="SPECIALISATIONSALLE" schema="JU" optimistic-lock="version">
        <composite-id name="id" class="tp2Hibernate.entite.SpecialisationsalleId">
            <key-property name="idtype" type="big_decimal">
                <column name="IDTYPE" precision="22" scale="0" />
            </key-property>
            <key-property name="idsalle" type="big_decimal">
                <column name="IDSALLE" precision="22" scale="0" />
            </key-property>
        </composite-id>
        <many-to-one name="salle" class="tp2Hibernate.entite.Salle" update="false" insert="false" fetch="select">
            <column name="IDSALLE" precision="22" scale="0" not-null="true" />
        </many-to-one>
        <many-to-one name="typechirurgie" class="tp2Hibernate.entite.Typechirurgie" update="false" insert="false" fetch="select">
            <column name="IDTYPE" precision="22" scale="0" not-null="true" />
        </many-to-one>
        <property name="datec" type="date">
            <column name="DATEC" length="7" />
        </property>
    </class>
</hibernate-mapping>
